{"pravnav": {"avg_ratio": 1.2995977237048666, "avg_rank": 2.142857142857143, "avg_time": 44.42857142857143, "num_wins": 3, "num_games": 7, "mu": 36.25, "sigma": 2.1, "elo": 1797.0}, ".Okra63": {"avg_ratio": 1.831384074419789, "avg_rank": 3.7142857142857144, "avg_time": 64.0, "num_wins": 1, "num_games": 7, "mu": 30.32, "sigma": 1.98, "elo": 1462.8000000000002}, "pianist": {"avg_ratio": 3.5915943965943966, "avg_rank": 6.666666666666667, "avg_time": 112.5, "num_wins": 0, "num_games": 6, "mu": 22.28, "sigma": 2.15, "elo": 949.8000000000001}, "yuann": {"avg_ratio": 1.1893696581196582, "avg_rank": 2.3333333333333335, "avg_time": 57.0, "num_wins": 1, "num_games": 3, "mu": 34.99, "sigma": 2.83, "elo": 1590.0}, "Varun": {"avg_ratio": 1.353589637518209, "avg_rank": 2.857142857142857, "avg_time": 53.857142857142854, "num_wins": 1, "num_games": 7, "mu": 33.33, "sigma": 2.01, "elo": 1637.9999999999998}, "sar": {"avg_ratio": 4.363850732600732, "avg_rank": 6.833333333333333, "avg_time": 130.16666666666666, "num_wins": 0, "num_games": 6, "mu": 22.17, "sigma": 2.05, "elo": 961.2000000000002}, "BoBross": {"avg_ratio": 2.173426145926146, "avg_rank": 5.333333333333333, "avg_time": 91.0, "num_wins": 0, "num_games": 6, "mu": 26.1, "sigma": 2.0, "elo": 1206.0}, "!VirajTech": {"avg_ratio": 2.5121722566365423, "avg_rank": 6.0, "avg_time": 99.28571428571429, "num_wins": 0, "num_games": 7, "mu": 23.82, "sigma": 1.94, "elo": 1080.0}, "avi": {"avg_ratio": 3.906140021497164, "avg_rank": 7.0, "avg_time": 141.14285714285714, "num_wins": 0, "num_games": 7, "mu": 20.35, "sigma": 2.03, "elo": 855.6000000000001}, "Arnav": {"avg_ratio": 9.731952075702075, "avg_rank": 11.0, "avg_time": 333.0, "num_wins": 0, "num_games": 3, "mu": 9.16, "sigma": 3.89, "elo": -150.6}, "Sarvesh Phoenix": {"avg_ratio": 1.0952380952380953, "avg_rank": 2.0, "avg_time": 25.5, "num_wins": 1, "num_games": 2, "mu": 37.01, "sigma": 3.61, "elo": 1570.8}, "Arya333": {"avg_ratio": 6.177579365079365, "avg_rank": 8.666666666666666, "avg_time": 132.66666666666666, "num_wins": 0, "num_games": 3, "mu": 17.52, "sigma": 2.96, "elo": 518.4000000000001}}