{"Varun": {"avg_ratio": 1.2627910602910604, "avg_rank": 2.2, "avg_time": 40.2, "num_wins": 1, "num_games": 5, "mu": 35.36, "sigma": 2.48, "elo": 1675.2}, "yuann": {"avg_ratio": 1.09375, "avg_rank": 2, "avg_time": 35, "num_wins": 0, "num_games": 1, "mu": 33.62, "sigma": 4.37, "elo": 1230.6}, ".Okra63": {"avg_ratio": 2.028772869022869, "avg_rank": 3.8, "avg_time": 63.6, "num_wins": 1, "num_games": 5, "mu": 28.9, "sigma": 2.4, "elo": 1302.0}, "pravnav": {"avg_ratio": 1.3908653846153847, "avg_rank": 2.4, "avg_time": 41.8, "num_wins": 2, "num_games": 5, "mu": 34.16, "sigma": 2.48, "elo": 1603.1999999999998}, "!VirajTech": {"avg_ratio": 2.303488045738046, "avg_rank": 5.2, "avg_time": 74.2, "num_wins": 0, "num_games": 5, "mu": 25.31, "sigma": 2.35, "elo": 1095.6}, "BoBross": {"avg_ratio": 2.0664579002079, "avg_rank": 4.5, "avg_time": 68.5, "num_wins": 0, "num_games": 4, "mu": 27.61, "sigma": 2.48, "elo": 1210.2}, "pianist": {"avg_ratio": 3.2857432432432434, "avg_rank": 7.0, "avg_time": 105.25, "num_wins": 0, "num_games": 4, "mu": 18.66, "sigma": 2.78, "elo": 619.2}, "Arya333": {"avg_ratio": 5.21875, "avg_rank": 8.0, "avg_time": 114.0, "num_wins": 0, "num_games": 2, "mu": 17.63, "sigma": 3.7, "elo": 391.79999999999984}, "avi": {"avg_ratio": 4.39899896049896, "avg_rank": 6.8, "avg_time": 131.0, "num_wins": 0, "num_games": 5, "mu": 19.34, "sigma": 2.45, "elo": 719.3999999999999}, "sar": {"avg_ratio": 3.2449519230769233, "avg_rank": 6.0, "avg_time": 92.5, "num_wins": 0, "num_games": 4, "mu": 23.52, "sigma": 2.52, "elo": 957.5999999999999}, "Arnav": {"avg_ratio": 9.96875, "avg_rank": 11, "avg_time": 319, "num_wins": 0, "num_games": 1, "mu": 13.11, "sigma": 5.23, "elo": -154.80000000000013}, "Sarvesh Phoenix": {"avg_ratio": 1.0, "avg_rank": 1, "avg_time": 26, "num_wins": 1, "num_games": 1, "mu": 38.48, "sigma": 5.21, "elo": 1370.9999999999998}}