{"Sarvesh Phoenix": {"avg_ratio": 1.0, "avg_rank": 1, "avg_time": 26, "num_wins": 1, "num_games": 1, "mu": 38.48, "sigma": 5.21, "elo": 1370.9999999999998}, "Varun": {"avg_ratio": 1.3284888253638254, "avg_rank": 2.5, "avg_time": 42.25, "num_wins": 0, "num_games": 4, "mu": 33.52, "sigma": 2.71, "elo": 1523.4000000000003}, "pravnav": {"avg_ratio": 1.3713942307692308, "avg_rank": 2.0, "avg_time": 40.5, "num_wins": 2, "num_games": 4, "mu": 35.93, "sigma": 2.88, "elo": 1637.3999999999999}, "!VirajTech": {"avg_ratio": 2.4965475571725575, "avg_rank": 5.25, "avg_time": 80.5, "num_wins": 0, "num_games": 4, "mu": 24.37, "sigma": 2.68, "elo": 979.8}, "sar": {"avg_ratio": 2.3891025641025645, "avg_rank": 4.666666666666667, "avg_time": 61.333333333333336, "num_wins": 0, "num_games": 3, "mu": 27.33, "sigma": 2.9, "elo": 1117.8}, "BoBross": {"avg_ratio": 2.2136105336105336, "avg_rank": 4.0, "avg_time": 74.0, "num_wins": 0, "num_games": 3, "mu": 28.8, "sigma": 2.89, "elo": 1207.8000000000002}, ".Okra63": {"avg_ratio": 2.231278586278586, "avg_rank": 4.0, "avg_time": 69.75, "num_wins": 1, "num_games": 4, "mu": 27.26, "sigma": 2.73, "elo": 1144.2}, "avi": {"avg_ratio": 4.2174987006237, "avg_rank": 6.25, "avg_time": 122.75, "num_wins": 0, "num_games": 4, "mu": 20.01, "sigma": 2.82, "elo": 693.0000000000001}, "pianist": {"avg_ratio": 3.3601576576576577, "avg_rank": 7.0, "avg_time": 107.66666666666667, "num_wins": 0, "num_games": 3, "mu": 16.29, "sigma": 3.39, "elo": 367.19999999999993}, "Arya333": {"avg_ratio": 6.625, "avg_rank": 8, "avg_time": 106, "num_wins": 0, "num_games": 1, "mu": 13.23, "sigma": 5.75, "elo": -241.2}}