{"pravnav": {"avg_ratio": 1.1875, "avg_rank": 1.6666666666666667, "avg_time": 37.333333333333336, "num_wins": 2, "num_games": 3, "mu": 37.44, "sigma": 3.45, "elo": 1625.3999999999999}, "BoBross": {"avg_ratio": 1.6281081081081081, "avg_rank": 3.0, "avg_time": 67.0, "num_wins": 0, "num_games": 2, "mu": 31.2, "sigma": 3.55, "elo": 1233.0}, "sar": {"avg_ratio": 1.9875, "avg_rank": 4.5, "avg_time": 50.5, "num_wins": 0, "num_games": 2, "mu": 27.02, "sigma": 3.57, "elo": 978.6000000000001}, "Varun": {"avg_ratio": 1.2969594594594593, "avg_rank": 2.6666666666666665, "avg_time": 44.0, "num_wins": 0, "num_games": 3, "mu": 31.73, "sigma": 3.1, "elo": 1345.8}, ".Okra63": {"avg_ratio": 1.4365765765765766, "avg_rank": 3.0, "avg_time": 53.0, "num_wins": 1, "num_games": 3, "mu": 29.98, "sigma": 3.2, "elo": 1222.8}, "!VirajTech": {"avg_ratio": 2.4056531531531533, "avg_rank": 5.666666666666667, "avg_time": 83.33333333333333, "num_wins": 0, "num_games": 3, "mu": 21.08, "sigma": 3.17, "elo": 694.1999999999999}, "avi": {"avg_ratio": 2.238716216216216, "avg_rank": 5.666666666666667, "avg_time": 75.66666666666667, "num_wins": 0, "num_games": 3, "mu": 21.44, "sigma": 3.11, "elo": 726.6}, "pianist": {"avg_ratio": 3.3601576576576577, "avg_rank": 7.0, "avg_time": 107.66666666666667, "num_wins": 0, "num_games": 3, "mu": 16.29, "sigma": 3.39, "elo": 367.19999999999993}, "Arya333": {"avg_ratio": 6.625, "avg_rank": 8, "avg_time": 106, "num_wins": 0, "num_games": 1, "mu": 13.23, "sigma": 5.75, "elo": -241.2}}