{
  "BoBross": {
    "avg_ratio": 1.8168334653334655,
    "avg_rank": 4.2,
    "avg_time": 65.8,
    "num_wins": 1,
    "num_games": 10,
    "mu": 29.97,
    "sigma": 1.54,
    "elo": 1520.9999999999998
  },
  "TylerKerch": {
    "avg_ratio": 2.0438271604938274,
    "avg_rank": 6.0,
    "avg_time": 41.333333333333336,
    "num_wins": 0,
    "num_games": 3,
    "mu": 28.06,
    "sigma": 2.52,
    "elo": 1230.0
  },
  ".Rohit": {
    "avg_ratio": 1.8049108129017033,
    "avg_rank": 3.8461538461538463,
    "avg_time": 50.38461538461539,
    "num_wins": 2,
    "num_games": 13,
    "mu": 31.18,
    "sigma": 1.41,
    "elo": 1617.0
  },
  "pravnav": {
    "avg_ratio": 1.3887022680797985,
    "avg_rank": 2.8461538461538463,
    "avg_time": 38.15384615384616,
    "num_wins": 4,
    "num_games": 13,
    "mu": 33.5,
    "sigma": 1.44,
    "elo": 1750.8
  },
  "Varun": {
    "avg_ratio": 1.6757108094658701,
    "avg_rank": 4.0,
    "avg_time": 47.69230769230769,
    "num_wins": 1,
    "num_games": 13,
    "mu": 30.47,
    "sigma": 1.38,
    "elo": 1579.8
  },
  "!VirajTech": {
    "avg_ratio": 2.909586980594066,
    "avg_rank": 6.384615384615385,
    "avg_time": 82.23076923076923,
    "num_wins": 0,
    "num_games": 13,
    "mu": 24.76,
    "sigma": 1.37,
    "elo": 1239.0000000000002
  },
  "Arnav": {
    "avg_ratio": 7.890442764675222,
    "avg_rank": 10.222222222222221,
    "avg_time": 196.88888888888889,
    "num_wins": 0,
    "num_games": 9,
    "mu": 17.71,
    "sigma": 1.91,
    "elo": 718.8000000000001
  },
  "yuann": {
    "avg_ratio": 2.160328923939121,
    "avg_rank": 3.5,
    "avg_time": 52.0,
    "num_wins": 2,
    "num_games": 8,
    "mu": 31.81,
    "sigma": 1.71,
    "elo": 1600.8
  },
  "avi": {
    "avg_ratio": 3.9920526041679882,
    "avg_rank": 7.3076923076923075,
    "avg_time": 110.76923076923077,
    "num_wins": 0,
    "num_games": 13,
    "mu": 22.32,
    "sigma": 1.39,
    "elo": 1089.0
  },
  "Milan06": {
    "avg_ratio": 2.8987037037037036,
    "avg_rank": 7.6,
    "avg_time": 57.6,
    "num_wins": 0,
    "num_games": 5,
    "mu": 24.04,
    "sigma": 2.02,
    "elo": 1078.7999999999997
  },
  "sar": {
    "avg_ratio": 4.767886217502446,
    "avg_rank": 8.333333333333334,
    "avg_time": 111.75,
    "num_wins": 0,
    "num_games": 12,
    "mu": 20.37,
    "sigma": 1.43,
    "elo": 964.8000000000001
  },
  "Arya333": {
    "avg_ratio": 7.68187003968254,
    "avg_rank": 9.5,
    "avg_time": 150.0,
    "num_wins": 1,
    "num_games": 8,
    "mu": 17.97,
    "sigma": 1.81,
    "elo": 752.4
  },
  "Sarvesh Phoenix": {
    "avg_ratio": 1.5502645502645505,
    "avg_rank": 2.6666666666666665,
    "avg_time": 29.0,
    "num_wins": 2,
    "num_games": 6,
    "mu": 34.72,
    "sigma": 2.03,
    "elo": 1717.8
  },
  "pianist": {
    "avg_ratio": 4.721067749067749,
    "avg_rank": 7.8,
    "avg_time": 112.8,
    "num_wins": 0,
    "num_games": 10,
    "mu": 21.21,
    "sigma": 1.61,
    "elo": 982.8000000000002
  },
  "Jake": {
    "avg_ratio": 4.791666666666667,
    "avg_rank": 11,
    "avg_time": 115,
    "num_wins": 0,
    "num_games": 1,
    "mu": 15.59,
    "sigma": 4.7,
    "elo": 89.3999999999999
  }
}