{"Arya333": {"avg_ratio": 4.883184523809524, "avg_rank": 6.75, "avg_time": 104.25, "num_wins": 1, "num_games": 4, "mu": 23.67, "sigma": 2.54, "elo": 963.0}, "yuann": {"avg_ratio": 1.168343033063428, "avg_rank": 2.25, "avg_time": 48.0, "num_wins": 1, "num_games": 4, "mu": 34.6, "sigma": 2.43, "elo": 1638.6000000000001}, "!VirajTech": {"avg_ratio": 2.382361250872764, "avg_rank": 5.625, "avg_time": 90.375, "num_wins": 0, "num_games": 8, "mu": 25.21, "sigma": 1.79, "elo": 1190.4}, "pravnav": {"avg_ratio": 1.3279374819259688, "avg_rank": 2.375, "avg_time": 42.5, "num_wins": 3, "num_games": 8, "mu": 34.98, "sigma": 1.91, "elo": 1754.9999999999998}, "avi": {"avg_ratio": 3.6678725188100185, "avg_rank": 6.75, "avg_time": 128.25, "num_wins": 0, "num_games": 8, "mu": 21.82, "sigma": 1.86, "elo": 974.4000000000001}, "Sarvesh Phoenix": {"avg_ratio": 1.396825396825397, "avg_rank": 3.0, "avg_time": 29.666666666666668, "num_wins": 1, "num_games": 3, "mu": 33.23, "sigma": 2.84, "elo": 1482.6}, "Varun": {"avg_ratio": 1.440969880196854, "avg_rank": 3.375, "avg_time": 52.0, "num_wins": 1, "num_games": 8, "mu": 32.0, "sigma": 1.85, "elo": 1587.0}, ".Okra63": {"avg_ratio": 1.8656189598541573, "avg_rank": 4.25, "avg_time": 61.0, "num_wins": 1, "num_games": 8, "mu": 29.11, "sigma": 1.84, "elo": 1415.4}, "sar": {"avg_ratio": 4.071270552755515, "avg_rank": 7.142857142857143, "avg_time": 117.85714285714286, "num_wins": 0, "num_games": 7, "mu": 21.58, "sigma": 1.94, "elo": 945.5999999999999}, "Arnav": {"avg_ratio": 10.667385109408135, "avg_rank": 10.75, "avg_time": 313.75, "num_wins": 0, "num_games": 4, "mu": 8.77, "sigma": 3.71, "elo": -141.59999999999997}, "pianist": {"avg_ratio": 3.5915943965943966, "avg_rank": 6.666666666666667, "avg_time": 112.5, "num_wins": 0, "num_games": 6, "mu": 22.28, "sigma": 2.15, "elo": 949.8000000000001}, "BoBross": {"avg_ratio": 2.173426145926146, "avg_rank": 5.333333333333333, "avg_time": 91.0, "num_wins": 0, "num_games": 6, "mu": 26.1, "sigma": 2.0, "elo": 1206.0}}