{
  "Arnav": {
    "avg_ratio": 7.201398488207699,
    "avg_rank": 9.3,
    "avg_time": 179.4,
    "num_wins": 1,
    "num_games": 10,
    "mu": 20.65,
    "sigma": 1.78,
    "elo": 918.5999999999999
  },
  "Varun": {
    "avg_ratio": 1.8287444529455807,
    "avg_rank": 3.857142857142857,
    "avg_time": 50.285714285714285,
    "num_wins": 1,
    "num_games": 14,
    "mu": 30.69,
    "sigma": 1.33,
    "elo": 1602.0000000000002
  },
  "Sarvesh Phoenix": {
    "avg_ratio": 1.8937332508761082,
    "avg_rank": 2.7142857142857144,
    "avg_time": 37.285714285714285,
    "num_wins": 2,
    "num_games": 7,
    "mu": 33.99,
    "sigma": 1.86,
    "elo": 1704.6000000000001
  },
  "pravnav": {
    "avg_ratio": 1.5914573008792934,
    "avg_rank": 2.9285714285714284,
    "avg_time": 42.07142857142858,
    "num_wins": 4,
    "num_games": 14,
    "mu": 33.01,
    "sigma": 1.38,
    "elo": 1732.1999999999998
  },
  "avi": {
    "avg_ratio": 4.2263865090650805,
    "avg_rank": 7.142857142857143,
    "avg_time": 114.28571428571429,
    "num_wins": 0,
    "num_games": 14,
    "mu": 22.75,
    "sigma": 1.33,
    "elo": 1125.6
  },
  "sar": {
    "avg_ratio": 4.981545319652607,
    "avg_rank": 8.153846153846153,
    "avg_time": 115.92307692307692,
    "num_wins": 0,
    "num_games": 13,
    "mu": 20.82,
    "sigma": 1.37,
    "elo": 1002.6
  },
  ".Rohit": {
    "avg_ratio": 2.416248352239893,
    "avg_rank": 4.071428571428571,
    "avg_time": 63.07142857142857,
    "num_wins": 2,
    "num_games": 14,
    "mu": 30.33,
    "sigma": 1.35,
    "elo": 1576.8
  },
  "pianist": {
    "avg_ratio": 5.510888036342582,
    "avg_rank": 7.818181818181818,
    "avg_time": 129.36363636363637,
    "num_wins": 0,
    "num_games": 11,
    "mu": 21.12,
    "sigma": 1.52,
    "elo": 993.6000000000001
  },
  "Arya333": {
    "avg_ratio": 8.70206629789963,
    "avg_rank": 9.444444444444445,
    "avg_time": 174.55555555555554,
    "num_wins": 1,
    "num_games": 9,
    "mu": 17.98,
    "sigma": 1.7,
    "elo": 772.8000000000001
  },
  "!VirajTech": {
    "avg_ratio": 4.023187910551632,
    "avg_rank": 6.642857142857143,
    "avg_time": 105.42857142857143,
    "num_wins": 0,
    "num_games": 14,
    "mu": 23.85,
    "sigma": 1.33,
    "elo": 1191.6
  },
  "BoBross": {
    "avg_ratio": 1.8168334653334655,
    "avg_rank": 4.2,
    "avg_time": 65.8,
    "num_wins": 1,
    "num_games": 10,
    "mu": 29.97,
    "sigma": 1.54,
    "elo": 1520.9999999999998
  },
  "TylerKerch": {
    "avg_ratio": 2.0438271604938274,
    "avg_rank": 6.0,
    "avg_time": 41.333333333333336,
    "num_wins": 0,
    "num_games": 3,
    "mu": 28.06,
    "sigma": 2.52,
    "elo": 1230.0
  },
  "yuann": {
    "avg_ratio": 2.160328923939121,
    "avg_rank": 3.5,
    "avg_time": 52.0,
    "num_wins": 2,
    "num_games": 8,
    "mu": 31.81,
    "sigma": 1.71,
    "elo": 1600.8
  },
  "Milan06": {
    "avg_ratio": 2.8987037037037036,
    "avg_rank": 7.6,
    "avg_time": 57.6,
    "num_wins": 0,
    "num_games": 5,
    "mu": 24.04,
    "sigma": 2.02,
    "elo": 1078.7999999999997
  },
  "Jake": {
    "avg_ratio": 4.791666666666667,
    "avg_rank": 11,
    "avg_time": 115,
    "num_wins": 0,
    "num_games": 1,
    "mu": 15.59,
    "sigma": 4.7,
    "elo": 89.3999999999999
  }
}