{"yuann": {"avg_ratio": 1.046875, "avg_rank": 1.5, "avg_time": 28.0, "num_wins": 1, "num_games": 2, "mu": 38.42, "sigma": 3.53, "elo": 1669.8000000000002}, "pravnav": {"avg_ratio": 1.3495306776556777, "avg_rank": 2.3333333333333335, "avg_time": 38.833333333333336, "num_wins": 2, "num_games": 6, "mu": 35.37, "sigma": 2.24, "elo": 1719.0}, "Sarvesh Phoenix": {"avg_ratio": 1.0952380952380953, "avg_rank": 2.0, "avg_time": 25.5, "num_wins": 1, "num_games": 2, "mu": 37.01, "sigma": 3.61, "elo": 1570.8}, "Varun": {"avg_ratio": 1.25867508992509, "avg_rank": 2.5, "avg_time": 37.833333333333336, "num_wins": 1, "num_games": 6, "mu": 34.79, "sigma": 2.22, "elo": 1687.8}, ".Okra63": {"avg_ratio": 1.9208027876777878, "avg_rank": 4.0, "avg_time": 57.833333333333336, "num_wins": 1, "num_games": 6, "mu": 29.16, "sigma": 2.15, "elo": 1362.6000000000001}, "avi": {"avg_ratio": 3.9118642131142125, "avg_rank": 6.666666666666667, "avg_time": 114.33333333333333, "num_wins": 0, "num_games": 6, "mu": 21.3, "sigma": 2.18, "elo": 885.6}, "BoBross": {"avg_ratio": 2.0055472725472727, "avg_rank": 5.0, "avg_time": 62.2, "num_wins": 0, "num_games": 5, "mu": 26.89, "sigma": 2.2, "elo": 1217.3999999999999}, "!VirajTech": {"avg_ratio": 2.356081307956308, "avg_rank": 5.666666666666667, "avg_time": 71.0, "num_wins": 0, "num_games": 6, "mu": 24.65, "sigma": 2.11, "elo": 1099.2}, "pianist": {"avg_ratio": 4.038118404118404, "avg_rank": 7.4, "avg_time": 113.8, "num_wins": 0, "num_games": 5, "mu": 19.05, "sigma": 2.41, "elo": 709.2}, "Arya333": {"avg_ratio": 6.177579365079365, "avg_rank": 8.666666666666666, "avg_time": 132.66666666666666, "num_wins": 0, "num_games": 3, "mu": 17.52, "sigma": 2.96, "elo": 518.4000000000001}, "sar": {"avg_ratio": 4.76739010989011, "avg_rank": 7.0, "avg_time": 119.6, "num_wins": 0, "num_games": 5, "mu": 21.18, "sigma": 2.27, "elo": 862.1999999999999}, "Arnav": {"avg_ratio": 12.17485119047619, "avg_rank": 11.5, "avg_time": 310.5, "num_wins": 0, "num_games": 2, "mu": 10.13, "sigma": 4.27, "elo": -160.79999999999987}}