{"pravnav": {"avg_ratio": 1.28125, "avg_rank": 2.0, "avg_time": 31.0, "num_wins": 1, "num_games": 2, "mu": 35.1, "sigma": 3.97, "elo": 1391.4}, "Varun": {"avg_ratio": 1.345439189189189, "avg_rank": 2.0, "avg_time": 36.0, "num_wins": 0, "num_games": 2, "mu": 34.04, "sigma": 3.88, "elo": 1344.0}, ".Okra63": {"avg_ratio": 1.364864864864865, "avg_rank": 2.0, "avg_time": 40.0, "num_wins": 1, "num_games": 2, "mu": 33.48, "sigma": 4.07, "elo": 1276.1999999999998}, "BoBross": {"avg_ratio": 2.2162162162162162, "avg_rank": 4, "avg_time": 82, "num_wins": 0, "num_games": 1, "mu": 26.92, "sigma": 4.69, "elo": 771.0000000000001}, "avi": {"avg_ratio": 2.4180743243243246, "avg_rank": 5.0, "avg_time": 66.5, "num_wins": 0, "num_games": 2, "mu": 23.49, "sigma": 3.74, "elo": 736.1999999999998}, "pianist": {"avg_ratio": 3.5802364864864864, "avg_rank": 6.5, "avg_time": 88.5, "num_wins": 0, "num_games": 2, "mu": 18.64, "sigma": 3.89, "elo": 418.20000000000005}, "!VirajTech": {"avg_ratio": 2.69847972972973, "avg_rank": 5.5, "avg_time": 79.5, "num_wins": 0, "num_games": 2, "mu": 19.94, "sigma": 3.93, "elo": 489.0}, "sar": {"avg_ratio": 2.875, "avg_rank": 6, "avg_time": 46, "num_wins": 0, "num_games": 1, "mu": 20.93, "sigma": 4.94, "elo": 366.59999999999997}, "Arya333": {"avg_ratio": 6.625, "avg_rank": 8, "avg_time": 106, "num_wins": 0, "num_games": 1, "mu": 13.23, "sigma": 5.75, "elo": -241.2}}