{
  "pravnav": {
    "avg_ratio": 1.3540166522074417,
    "avg_rank": 2.5,
    "avg_time": 40.1,
    "num_wins": 4,
    "num_games": 10,
    "mu": 34.56,
    "sigma": 1.69,
    "elo": 1769.4
  },
  ".Rohit": {
    "avg_ratio": 1.7791618345499924,
    "avg_rank": 3.7,
    "avg_time": 54.0,
    "num_wins": 2,
    "num_games": 10,
    "mu": 31.18,
    "sigma": 1.64,
    "elo": 1575.6
  },
  "Varun": {
    "avg_ratio": 1.5736092374908166,
    "avg_rank": 3.4,
    "avg_time": 49.6,
    "num_wins": 1,
    "num_games": 10,
    "mu": 31.89,
    "sigma": 1.62,
    "elo": 1621.8000000000002
  },
  "Sarvesh Phoenix": {
    "avg_ratio": 1.7976190476190477,
    "avg_rank": 3.25,
    "avg_time": 33.5,
    "num_wins": 1,
    "num_games": 4,
    "mu": 32.57,
    "sigma": 2.43,
    "elo": 1516.8000000000002
  },
  "Milan06": {
    "avg_ratio": 3.3625,
    "avg_rank": 7.0,
    "avg_time": 63.0,
    "num_wins": 0,
    "num_games": 2,
    "mu": 25.04,
    "sigma": 3.1,
    "elo": 944.3999999999999
  },
  "avi": {
    "avg_ratio": 3.979298015048015,
    "avg_rank": 6.5,
    "avg_time": 120.0,
    "num_wins": 0,
    "num_games": 10,
    "mu": 23.37,
    "sigma": 1.62,
    "elo": 1110.6000000000001
  },
  "yuann": {
    "avg_ratio": 2.448339799820063,
    "avg_rank": 3.1666666666666665,
    "avg_time": 59.166666666666664,
    "num_wins": 1,
    "num_games": 6,
    "mu": 32.07,
    "sigma": 1.96,
    "elo": 1571.4
  },
  "!VirajTech": {
    "avg_ratio": 3.0400556673648778,
    "avg_rank": 6.1,
    "avg_time": 91.3,
    "num_wins": 0,
    "num_games": 10,
    "mu": 24.57,
    "sigma": 1.58,
    "elo": 1189.8
  },
  "pianist": {
    "avg_ratio": 4.781195797445798,
    "avg_rank": 7.375,
    "avg_time": 120.375,
    "num_wins": 0,
    "num_games": 8,
    "mu": 21.12,
    "sigma": 1.84,
    "elo": 936.0000000000001
  },
  "Arnav": {
    "avg_ratio": 10.322701184049869,
    "avg_rank": 10.833333333333334,
    "avg_time": 264.8333333333333,
    "num_wins": 0,
    "num_games": 6,
    "mu": 11.61,
    "sigma": 2.77,
    "elo": 197.99999999999994
  },
  "sar": {
    "avg_ratio": 5.104506726217253,
    "avg_rank": 7.555555555555555,
    "avg_time": 122.77777777777777,
    "num_wins": 0,
    "num_games": 9,
    "mu": 21.19,
    "sigma": 1.68,
    "elo": 969.0000000000001
  },
  "Arya333": {
    "avg_ratio": 7.42654761904762,
    "avg_rank": 7.8,
    "avg_time": 136.2,
    "num_wins": 1,
    "num_games": 5,
    "mu": 20.77,
    "sigma": 2.28,
    "elo": 835.8
  },
  "BoBross": {
    "avg_ratio": 2.0415081250795537,
    "avg_rank": 4.857142857142857,
    "avg_time": 82.28571428571429,
    "num_wins": 0,
    "num_games": 7,
    "mu": 27.57,
    "sigma": 1.85,
    "elo": 1321.2
  },
  "Jake": {
    "avg_ratio": 4.791666666666667,
    "avg_rank": 11,
    "avg_time": 115,
    "num_wins": 0,
    "num_games": 1,
    "mu": 15.59,
    "sigma": 4.7,
    "elo": 89.3999999999999
  }
}