{
  "yuann": {
    "avg_ratio": 2.2414341141314824,
    "avg_rank": 2.857142857142857,
    "avg_time": 53.285714285714285,
    "num_wins": 2,
    "num_games": 7,
    "mu": 33.41,
    "sigma": 1.84,
    "elo": 1673.3999999999999
  },
  "Sarvesh Phoenix": {
    "avg_ratio": 1.6603174603174604,
    "avg_rank": 3.0,
    "avg_time": 30.8,
    "num_wins": 1,
    "num_games": 5,
    "mu": 33.52,
    "sigma": 2.17,
    "elo": 1620.6000000000004
  },
  "BoBross": {
    "avg_ratio": 1.9460418316668315,
    "avg_rank": 4.625,
    "avg_time": 74.875,
    "num_wins": 0,
    "num_games": 8,
    "mu": 28.61,
    "sigma": 1.72,
    "elo": 1407.0
  },
  "!VirajTech": {
    "avg_ratio": 2.9051011117458487,
    "avg_rank": 5.909090909090909,
    "avg_time": 85.54545454545455,
    "num_wins": 0,
    "num_games": 11,
    "mu": 25.51,
    "sigma": 1.5,
    "elo": 1260.6000000000001
  },
  "pravnav": {
    "avg_ratio": 1.392540390895654,
    "avg_rank": 2.727272727272727,
    "avg_time": 39.36363636363637,
    "num_wins": 4,
    "num_games": 11,
    "mu": 33.98,
    "sigma": 1.59,
    "elo": 1752.6
  },
  "Varun": {
    "avg_ratio": 1.6931801148906411,
    "avg_rank": 3.6363636363636362,
    "avg_time": 49.81818181818182,
    "num_wins": 1,
    "num_games": 11,
    "mu": 31.48,
    "sigma": 1.53,
    "elo": 1613.4
  },
  "TylerKerch": {
    "avg_ratio": 2.9444444444444446,
    "avg_rank": 7,
    "avg_time": 53,
    "num_wins": 0,
    "num_games": 1,
    "mu": 26.55,
    "sigma": 3.98,
    "elo": 876.6
  },
  ".Rohit": {
    "avg_ratio": 1.9002481324191849,
    "avg_rank": 4.090909090909091,
    "avg_time": 54.18181818181818,
    "num_wins": 2,
    "num_games": 11,
    "mu": 30.37,
    "sigma": 1.55,
    "elo": 1543.1999999999998
  },
  "Milan06": {
    "avg_ratio": 3.5564814814814816,
    "avg_rank": 7.666666666666667,
    "avg_time": 65.66666666666667,
    "num_wins": 0,
    "num_games": 3,
    "mu": 24.26,
    "sigma": 2.57,
    "elo": 993.0000000000002
  },
  "Arnav": {
    "avg_ratio": 9.522632760931634,
    "avg_rank": 10.714285714285714,
    "avg_time": 239.14285714285714,
    "num_wins": 0,
    "num_games": 7,
    "mu": 14.3,
    "sigma": 2.37,
    "elo": 431.40000000000003
  },
  "sar": {
    "avg_ratio": 5.06627827581775,
    "avg_rank": 7.8,
    "avg_time": 119.0,
    "num_wins": 0,
    "num_games": 10,
    "mu": 21.1,
    "sigma": 1.58,
    "elo": 981.5999999999999
  },
  "Arya333": {
    "avg_ratio": 7.105456349206349,
    "avg_rank": 8.5,
    "avg_time": 130.0,
    "num_wins": 1,
    "num_games": 6,
    "mu": 20.28,
    "sigma": 2.05,
    "elo": 847.8000000000002
  },
  "pianist": {
    "avg_ratio": 5.040075276741943,
    "avg_rank": 8.0,
    "avg_time": 121.22222222222223,
    "num_wins": 0,
    "num_games": 9,
    "mu": 20.38,
    "sigma": 1.72,
    "elo": 913.1999999999999
  },
  "avi": {
    "avg_ratio": 4.359967892467892,
    "avg_rank": 7.181818181818182,
    "avg_time": 122.45454545454545,
    "num_wins": 0,
    "num_games": 11,
    "mu": 22.13,
    "sigma": 1.54,
    "elo": 1050.6
  },
  "Jake": {
    "avg_ratio": 4.791666666666667,
    "avg_rank": 11,
    "avg_time": 115,
    "num_wins": 0,
    "num_games": 1,
    "mu": 15.59,
    "sigma": 4.7,
    "elo": 89.3999999999999
  }
}